IDUnivoco,NomeCompleto,IndirizzoCompleto,RecapitoTelefonico,IndirizzoEmail,DataDiNascita,CodiceFiscaleSimulato,NomeAzienda,PartitaIVASimulata,DescrizioneCasoOUlterioriNote
ID_0001,Pomponio Manzoni,"Canale Gionata, 73 Appartamento 7, 89069, San Fantino (RC)",3513678967,tencallaangelina@example.org,1962-09-16,IMLQXC70M34T313S,Chittolini-Bonatti SPA,09354272392,"Vincere sacro giugno dinanzi volare offendere azione economico medio esporre attento. Per contatti urgenti, si prega di utilizzare tencallaangelina@example.org. Il soggetto Pomponio Manzoni è stato registrato. Chiaro mi gente causa coscienza gusto imporre arrestare caffè ciò preciso dirigere attorno soprattutto nemico nemico giustizia signora cambiare annunciare. Nero inverno spegnere repubblica sorriso spiegare dichiarare guardare orecchio esso."
ID_0002,Sig.ra Nina Giulietti,"Viale Navarria, 9, 51011, Borgo A Buggiano (PT)",+39 0429951011,marcopirandello@example.net,1940-02-19,GDFVTX83Y17A169C,Barese-Federico SPA,03443984027,"Il soggetto Sig.ra Nina Giulietti è stato registrato. Dito segnare richiedere attenzione inverno carattere notevole immaginare riunire segnare mi sangue dare assistere tornare. Volare partecipare toccare paese ci figurare storia impedire civile passo. Movimento accadere infatti riportare levare tratto. Per contatti urgenti, si prega di utilizzare marcopirandello@example.net."
ID_0003,Silvestro Gritti,"Incrocio Ronaldo, 299 Piano 2, 10090, Buttigliera Alta (TO)",+39 35116801225,pomponio87@example.com,1992-04-26,FROIZK30M22Z127G,Tagliafierro SPA,24555377542,Esso presso guardia cioè pace verso corpo libro pure prima durare reale fede. Il soggetto Silvestro Gritti è stato registrato. Rivolgere gusto diventare bestia piangere. Regione compiere accompagnare antico villa questione pezzo impossibile ringraziare consiglio cioè estero.
ID_0004,Antonello Bacosi,"Stretto Giulia, 1, 20144, Milano (MI)",075490026,ferrazzirosa@example.net,1942-11-20,UHVFIH30N94C691Y,Pertile e figli,13862077512,"Documento di riferimento fiscale UHVFIH30N94C691Y. Il soggetto Antonello Bacosi è stato registrato. L'ultimo aggiornamento dell'indirizzo è Stretto Giulia, 1, 20144, Milano (MI). Raccogliere angolo momento serio. Per contatti urgenti, si prega di utilizzare ferrazzirosa@example.net. Destino spalla dichiarare sole naturale quindi sì cui lei vendere dovere perdere. Ieri non però donna movimento chiave scomparire confronto operaio mostrare."
ID_0005,Ugolino Tanzini-Milanesi,"Stretto Malatesta, 318, 23016, Mantello (SO)",+39 07337291205,geronimo72@example.net,1971-09-30,MSELKS91N52H049I,Battelli-Lucciano s.r.l.,80172802067,"Per contatti urgenti, si prega di utilizzare geronimo72@example.net. Nobile innamorare caro celebrare quarto studiare. Il soggetto Ugolino Tanzini-Milanesi è stato registrato. Internazionale affrontare figlio ricordo peccato cercare polizia sociale sole presto sorgere cielo. Vento voltare portare presentare intero mercato fiore conservare oggi loro colpo. Documento di riferimento fiscale MSELKS91N52H049I."
ID_0006,Matilda Canova,"Piazza Falier, 29 Appartamento 88, 90038, Prizzi (PA)",+39 37318134996,veronicaguglielmi@example.org,1998-10-23,OHMYNC55P01W073K,"Palazzo, Calarco e Correr e figli",16780920822,"Il soggetto Matilda Canova è stato registrato. Uomo letto carattere adesso fondare sociale mano secolo pieno bravo che. Sì avvertire signorina primo ferro contrario necessario. L'ultimo aggiornamento dell'indirizzo è Piazza Falier, 29 Appartamento 88, 90038, Prizzi (PA). Tecnico problema triste matrimonio pieno pelle odore orecchio niente figura riempire frase fantasia."
ID_0007,Sig. Sandro Carducci,"Piazza Annetta, 85 Appartamento 3, 08032, Desulo (NU)",3791212396,gustavovivaldi@example.org,1969-03-16,AQRZHW87N93V273U,"Riccati, Onio e Soprano SPA",09483098245,"Oppure buio servire opporre collo qualità accadere stamattina vestire. Eccetera sognare faccia strada consentire povero stagione parete nascere mattino comunque fuggire quello ponte giugno fondare anima. Per contatti urgenti, si prega di utilizzare gustavovivaldi@example.org. Il soggetto Sig. Sandro Carducci è stato registrato. Riva vedere veramente da rimettere qua oh basso coraggio numero."
ID_0008,Valerio Aporti,"Strada Monduzzi, 5 Appartamento 84, 43013, Torrechiara (PR)",3808513961,morriconerosaria@example.com,1940-11-13,SFSSAR19E34T180C,"Ferrata, Giradello e Vendetti Group",80374052269,"L'ultimo aggiornamento dell'indirizzo è Strada Monduzzi, 5 Appartamento 84, 43013, Torrechiara (PR). Assoluto decisione scendere serio momento operaio. Cui migliore scrittore concludere sviluppo storia da chiamare tardi dente particolare posizione ne compiere. Documento di riferimento fiscale SFSSAR19E34T180C. Il soggetto Valerio Aporti è stato registrato. Mio ecco giugno poiché chi stagione cercare sorridere."
ID_0009,Sig.ra Barbara Nitti,"Strada Lando, 267 Piano 6, 02022, Collalto Sabino (RI)",+39 3760701676,jbalotelli@example.com,1965-04-10,GDVFMZ01Z68N489K,Monti s.r.l.,52783434452,"Notare certo ne prossimo vento gruppo quale stato inverno per felice. Dente prova divenire scendere papà padre atto peggio greco dentro forma continuo accompagnare in oramai concludere riuscire vincere inizio inizio italiano. L'ultimo aggiornamento dell'indirizzo è Strada Lando, 267 Piano 6, 02022, Collalto Sabino (RI). Il soggetto Sig.ra Barbara Nitti è stato registrato. Svegliare soldato collina male fede estate dovere provincia cambiare comune scoppiare scuola terreno voglia."
ID_0010,Dott. Flavia Vigorelli,"Via Guidotti, 0, 37055, Tombazosana (VR)",+39 35344689984,paganinielvira@example.com,1942-12-30,BOTZQP94R20E350N,"Guarana, Pisani e Renault Group",87879862732,"Il soggetto Dott. Flavia Vigorelli è stato registrato. Documento di riferimento fiscale BOTZQP94R20E350N. L'ultimo aggiornamento dell'indirizzo è Via Guidotti, 0, 37055, Tombazosana (VR). Visita scegliere minore già di apparire ministro ma. Alcuno gridare mercato piacere bravo messa grosso ridere allontanare caso legge riempire con immaginare. Per contatti urgenti, si prega di utilizzare paganinielvira@example.com. Signora spingere formare che chi salutare giugno poiché."
ID_0011,Lodovico Morosini,"Via Virgilio, 531, 36055, Nove (VI)",+39 0737421042,landocasarin@example.net,1978-04-25,DMOPEU47C08R675S,"Brambilla, Brenna e Palumbo Group",00467583187,"Per contatti urgenti, si prega di utilizzare landocasarin@example.net. Tavolo capire seguito dito presente. Produzione giudizio colpire girare assoluto neanche eppure contare personale isola magari. Stampa esso atteggiamento fatto caratteristico discorso allontanare caro filo punta invitare condizione notte venire. Il soggetto Lodovico Morosini è stato registrato."
ID_0012,Luisa Tebaldi,"Canale Toscani, 95 Appartamento 3, 43011, Busseto (PR)",+39 070779731,aldobrandiivo@example.org,1947-06-06,XELFPO07C17I302X,Angiolello e figli,33036194119,"Il soggetto Luisa Tebaldi è stato registrato. Affare capace finire aspetto fumare uguale difesa. Albero valore limite civile loro tirare abito assicurare potere aria. Indietro rosso sistema rapido isola risultato subito età accanto espressione tuttavia buio volta continuare vincere scendere. Per contatti urgenti, si prega di utilizzare aldobrandiivo@example.org."
ID_0013,Giuliano Sermonti,"Vicolo Orengo, 40 Appartamento 16, 73027, Minervino Di Lecce (LE)",+39 089920669,alfio95@example.org,1955-07-16,XKPODZ64J35N218X,Liguori e figli,41169437419,Cercare determinare aiutare stamattina automobile proprio intendere affare notizia probabilmente messa saltare religioso punto esso sera naturalmente limitare base rapporto. Il soggetto Giuliano Sermonti è stato registrato. Attesa seguito comprare sapere faccia lira tavola tono puro chiave nemmeno neanche lì. Magari risposta soffrire capello straniero.
ID_0014,Luca Onio,"Rotonda Onisto, 8, 20078, San Colombano Al Lambro (MI)",042178117,miccaadelmo@example.com,1986-06-04,LKJWMW54R68I340J,Rismondo e figli,58218921824,"Per contatti urgenti, si prega di utilizzare miccaadelmo@example.com. Documento di riferimento fiscale LKJWMW54R68I340J. Vario attesa voltare preoccupare. Il soggetto Luca Onio è stato registrato. Diffondere ferro nascere storia fabbrica morte quello frase presto attraversare perfino questione produrre lungo corso presidente quadro descrivere dormire capo tono eccetera. L'ultimo aggiornamento dell'indirizzo è Rotonda Onisto, 8, 20078, San Colombano Al Lambro (MI). Figlio futuro occorrere angolo metà ma fondare certamente rappresentare."
ID_0015,Federico Battisti,"Viale Elvira, 386, 38071, Bleggio Superiore (TN)",+39 032422688,gvasari@example.com,1947-03-24,KITVRG72L18G254K,Foconi-Fermi e figli,71209804936,"Significare particolare mangiare comune. Sapere aggiungere militare direzione intorno rifiutare lago strano figlio popolazione distinguere riguardare. L'ultimo aggiornamento dell'indirizzo è Viale Elvira, 386, 38071, Bleggio Superiore (TN). Documento di riferimento fiscale KITVRG72L18G254K. Rapporto segretario partecipare occhio normale accettare materia esperienza attenzione grigio. Il soggetto Federico Battisti è stato registrato."
ID_0016,Amico Serlupi-Troisi,"Rotonda Beccaria, 985 Piano 7, 23015, Dubino (SO)",+39 05551069390,hnotarbartolo@example.net,1945-03-03,NNTQFR59X65I604H,Morpurgo-Mondadori SPA,49049178755,"Bruciare ma vedere genere. L'ultimo aggiornamento dell'indirizzo è Rotonda Beccaria, 985 Piano 7, 23015, Dubino (SO). Il soggetto Amico Serlupi-Troisi è stato registrato. Elemento soldato cane angolo badare fretta rivedere rendere se corpo lo gatto studiare. Principale animale perché interno resistere romano cadere braccio. Per contatti urgenti, si prega di utilizzare hnotarbartolo@example.net."
ID_0017,Sig. Marcantonio Volterra,"Piazza Rosmini, 726, 02018, Poggio Bustone (RI)",+39 093324905,pierpaolopausini@example.net,1988-06-11,QFBSSK80Z73F592U,"Rosselli, Gregorio e Pizzamano s.r.l.",07104200256,"Muovere desiderio trovare triste settimana estendere spingere oh. L'ultimo aggiornamento dell'indirizzo è Piazza Rosmini, 726, 02018, Poggio Bustone (RI). Brutto medesimo buio fondo domani capello maestro comunque. Documento di riferimento fiscale QFBSSK80Z73F592U. Il soggetto Sig. Marcantonio Volterra è stato registrato. Estendere cattivo camera. Per contatti urgenti, si prega di utilizzare pierpaolopausini@example.net."
ID_0018,Fiamma Bruno,"Vicolo Mogherini, 19, 46022, Felonica (MN)",+39 34934985426,perinilicia@example.net,2002-03-27,IJWUJS71J38S841B,Giunti-Modigliani Group,36919474866,"Il soggetto Fiamma Bruno è stato registrato. Per contatti urgenti, si prega di utilizzare perinilicia@example.net. Documento di riferimento fiscale IJWUJS71J38S841B. Dinanzi difendere battaglia liberare comunque leggero posto anno matrimonio lasciare arte pianta io rimanere attore bellezza. Unire fissare dito bagno esempio forte alcuno interno cavallo braccio scala offrire mostrare ridere. Tenere sicurezza vasto vuoto atto amare costa eccellenza ampio celebrare regno qualsiasi."
ID_0019,Patrizia Badoglio,"Viale Fiorucci, 53 Appartamento 59, 80046, San Giorgio A Cremano (NA)",+39 0558970111,giosue15@example.com,1993-01-23,PUHHJQ74C72Z347A,"Paolucci, Fracci e Manzoni s.r.l.",99311059071,"Il soggetto Patrizia Badoglio è stato registrato. Oggetto terreno ferro lanciare iniziare decisione festa montagna poco esercito importare studiare rimettere. Documento di riferimento fiscale PUHHJQ74C72Z347A. Ogni industria chi latte stare marito speranza utile uomo. Per contatti urgenti, si prega di utilizzare giosue15@example.com. Bisogno sangue solo esame godere chiedere scoppiare ascoltare leggere nazione cioè oramai potenza promettere."
ID_0020,Caterina Nonis,"Stretto Bonino, 789 Appartamento 51, 70038, Terlizzi (BA)",+39 0196149404,castionifrancesca@example.net,1990-10-12,AZCEHT29U30H035R,Moschino-Cibin Group,71359757374,"L'ultimo aggiornamento dell'indirizzo è Stretto Bonino, 789 Appartamento 51, 70038, Terlizzi (BA). Per contatti urgenti, si prega di utilizzare castionifrancesca@example.net. Il soggetto Caterina Nonis è stato registrato. Luna valle croce qualunque piazza straniero colpire. Industriale produzione pubblico confronto apparire qualche spesso impressione aprire. Sociale mamma linea croce inizio godere intero tuo."
ID_0021,Sig. Giovanni Montalcini,"Canale Stefani, 44 Piano 0, 40016, San Giorgio Di Piano (BO)",36613272313,montanellicassandra@example.com,1948-03-19,PUCYFJ61K09C452M,"Antonini, Onio e Scaduto e figli",62708399969,"Per contatti urgenti, si prega di utilizzare montanellicassandra@example.com. Ci vicino energia azione salutare nord ultimo. Il soggetto Sig. Giovanni Montalcini è stato registrato. L'ultimo aggiornamento dell'indirizzo è Canale Stefani, 44 Piano 0, 40016, San Giorgio Di Piano (BO). Capace guardia sembrare tecnico guidare. Documento di riferimento fiscale PUCYFJ61K09C452M. Scopo faccia scegliere nostro che messa autorità tecnico marito assai dubbio trascinare."
ID_0022,Dott. Ninetta Sommaruga,"Viale Garibaldi, 664, 37129, Verona (VR)",+39 377605185,costantino25@example.com,1959-10-27,YMZWKX34O88S975I,Trincavelli-Segrè Group,35578454339,"L'ultimo aggiornamento dell'indirizzo è Viale Garibaldi, 664, 37129, Verona (VR). Serio servire seguire errore presente giungere milione dirigere termine. Esporre ordine levare materia denaro durare. Accadere vedere enorme accompagnare coscienza notare autore marito ricco contare. Il soggetto Dott. Ninetta Sommaruga è stato registrato."
ID_0023,Benito Palombi,"Stretto Melina, 2, 37030, San Bortolo (VR)",370169658,severino57@example.com,1985-09-16,IUENOZ83D51R652F,Mazzini SPA,74251530624,"Cura dare bene massa francese genere finire in chiudere gridare eppure cioè dimenticare affatto gettare notare ancora movimento giustizia intorno. Il soggetto Benito Palombi è stato registrato. Sacrificio giudicare utile ognuno che assoluto avvenire tornare risposta interessante nave parete breve acqua programma territorio sentimento. Modo correre fuoco nord intero appunto ottenere pomeriggio nazione. Per contatti urgenti, si prega di utilizzare severino57@example.com."
ID_0024,Fabio Duodo-Gatto,"Vicolo Luciano, 319 Appartamento 37, 16154, Sestri Ponente (GE)",+39 0903472186,wfracci@example.org,1946-11-18,SCBLNG38I20X824L,"Dossi, Caracciolo e Zaccardo e figli",00168683433,"Documento di riferimento fiscale SCBLNG38I20X824L. L'ultimo aggiornamento dell'indirizzo è Vicolo Luciano, 319 Appartamento 37, 16154, Sestri Ponente (GE). Contadino oltre funzione medio scoprire tipo mangiare sorridere continuo. Il soggetto Fabio Duodo-Gatto è stato registrato. Valle tavolo uccidere scusare professore sorridere molto arrestare. Treno internazionale interessante alzare corso filo voce davanti dottore piazza polizia uguale."
ID_0025,Milo Caetani,"Borgo Bettina, 66 Appartamento 8, 62024, Esanatoglia (MC)",3791496961,vigliottiluchino@example.net,1981-05-29,BAJSUV36V73H035A,"Meucci, Pertini e Pascarella SPA",77284086907,"Soldato appena contento preoccupare fuoco vero straniero uscire congresso comune avvicinare piacere riportare risposta loro cadere. Il soggetto Milo Caetani è stato registrato. Signore cucina poiché lanciare marito. Documento di riferimento fiscale BAJSUV36V73H035A. Per contatti urgenti, si prega di utilizzare vigliottiluchino@example.net. Un stazione maestro accompagnare annunciare impossibile nascondere triste subito trarre oltre chi poeta secolo piantare."
ID_0026,Aria Boiardo,"Via Eco, 545 Appartamento 9, 87016, Morano Calabro (CS)",+39 025071081,piersanti10@example.com,1954-03-03,CVLPEX59N12A384X,"Samele, Grifeo e Nugnes SPA",38152738085,"Il soggetto Aria Boiardo è stato registrato. Persona operaio sala peccato ministro volontà si salire. Secondo tardi senso ammazzare meno prezzo improvviso sicuro parete memoria maggiore. Giornale spalla mettere sole faccia cittadino guardia elettrico affermare. Per contatti urgenti, si prega di utilizzare piersanti10@example.com."
ID_0027,Benvenuto Rensi-Porzio,"Borgo Luigi, 41 Appartamento 51, 71023, Bovino (FG)",+39 0784485779,xpoerio@example.org,1954-03-29,GFVWBB35Z11B614G,"Leonetti, Cafarchia e Baresi e figli",29689040007,"Qui filo scegliere giù viaggio peso credere cercare là ragazzo dietro enorme elemento mantenere pagare avvocato guardare ma commissione domandare mancare. Dormire periodo restare pericolo cittadino servizio alcuno temere abbandonare presso preciso casa. Regione differenza rompere freddo rispetto comprare iniziare metro spazio vecchio nave attendere già. Il soggetto Benvenuto Rensi-Porzio è stato registrato. Per contatti urgenti, si prega di utilizzare xpoerio@example.org."
ID_0028,Amanda Luzi-Ajello,"Via Pompeo, 11, 20063, Cernusco Sul Naviglio (MI)",037575699,federica94@example.com,1957-04-18,XSVECS63X11Z851X,"Parini, Vanvitelli e Ruggeri Group",35516281548,"Sopra segno preciso provincia contatto raccogliere ripetere cielo preoccupare labbro sorgere figura chilometro conseguenza. Per contatti urgenti, si prega di utilizzare federica94@example.com. Tagliare valore mese giugno stare contenere tutto paura società fantasia udire. Mare felice milione parere piangere puro forte straordinario sociale caso pubblicare peccato. Il soggetto Amanda Luzi-Ajello è stato registrato. Documento di riferimento fiscale XSVECS63X11Z851X."
ID_0029,Marcantonio Tebaldi-Comencini,"Via Cabrini, 86 Piano 0, 34125, Trieste (TS)",+39 32053496345,tuzzolinorocco@example.net,1977-12-17,ZPKWTG56P75S832Y,Scarpa Group,89139137382,"L'ultimo aggiornamento dell'indirizzo è Via Cabrini, 86 Piano 0, 34125, Trieste (TS). Natura morire qualsiasi prodotto lontano ciascuno ferire. Azzurro fatica arrivare imparare cavallo roba pericoloso triste morte espressione armare migliore dito chiedere completamente poeta. Il soggetto Marcantonio Tebaldi-Comencini è stato registrato. Povero cosa minore chiedere rivolgere scoprire vero capo assistere grave esistere."
ID_0030,Annibale Tomasetti,"Piazza Nanni, 85 Piano 2, 50131, Firenze (FI)",0544327644,npace@example.net,1954-03-17,BVSDUQ34H76T673E,Burcardo s.r.l.,21893172165,Documento di riferimento fiscale BVSDUQ34H76T673E. Udire grosso creare sorgere dolore grigio personale apparire prova subito mi. Qui parte valore ricordare concetto specie contenere sino inizio migliore. Cosa escludere luce cielo dovere. Il soggetto Annibale Tomasetti è stato registrato.
ID_0031,Fiorenzo Bellocchio,"Canale Castellitto, 4, 89025, Bosco (RC)",3774710579,kspinola@example.com,1942-11-08,CSHNDX52V77L554W,Ungaretti SPA,12392243402,"Per contatti urgenti, si prega di utilizzare kspinola@example.com. Cavallo procedere coloro simile nord notevole dirigere funzione appena. L'ultimo aggiornamento dell'indirizzo è Canale Castellitto, 4, 89025, Bosco (RC). Il soggetto Fiorenzo Bellocchio è stato registrato. Incontrare accendere grazie rendere fermo vivo trarre fra. Potenza dietro qualcuno armare distruggere vivo stanza unico unico rispondere francese verità."
ID_0032,Michelangelo Lippomano,"Rotonda Tron, 51, 71016, San Severo (FG)",+39 0371816852,eariasso@example.com,1936-10-30,GVBWKT54W19M022X,"Malacarne, Serao e Napolitano SPA",56008545686,"Uguale davanti pesare pubblico bagno sottile stanco don genere avanti. Il soggetto Michelangelo Lippomano è stato registrato. Domandare pure partire foglia umano scherzare succedere dente. L'ultimo aggiornamento dell'indirizzo è Rotonda Tron, 51, 71016, San Severo (FG). Per contatti urgenti, si prega di utilizzare eariasso@example.com. Ricordo dirigere il addosso movimento cioè li felice prova legare corrente ragazzo. Documento di riferimento fiscale GVBWKT54W19M022X."
ID_0033,Roberto Cattaneo,"Via Lombroso, 0 Appartamento 29, 83010, Chianche (AV)",0975810081,lsagese@example.net,1957-09-07,ZJLWLV25F36F589Y,"Monicelli, Mercalli e Tutino s.r.l.",65360160851,"Domani pane cristiano latte raccogliere durare posizione ragione pezzo. Il soggetto Roberto Cattaneo è stato registrato. Documento di riferimento fiscale ZJLWLV25F36F589Y. Però ministro freddo movimento su repubblica argomento quanto città ultimo meno difendere cattolico. Scappare moglie gesto principio naturalmente ampio stare vostro. Per contatti urgenti, si prega di utilizzare lsagese@example.net."
ID_0034,Sandro Torlonia,"Rotonda Salvini, 83 Appartamento 4, 18025, Briga Alta (CN)",339097180,giuseppinaalighieri@example.net,1982-05-24,RWGHRX58B35C096Q,Basso-Canetta Group,77353400639,"Neppure campagna scoppiare spingere. L'ultimo aggiornamento dell'indirizzo è Rotonda Salvini, 83 Appartamento 4, 18025, Briga Alta (CN). Per contatti urgenti, si prega di utilizzare giuseppinaalighieri@example.net. Documento di riferimento fiscale RWGHRX58B35C096Q. Il soggetto Sandro Torlonia è stato registrato. Lanciare lungo leggero ufficio immaginare sbagliare pieno polizia professore esempio parlare diretto. Spalla poesia italiano volgere addirittura viaggio colpo insegnare giudizio."
ID_0035,Zaira Naccari-Interminei,"Strada Papetti, 775, 23036, San Giacomo (SO)",+39 0784260177,battellidaria@example.net,1981-08-17,OMOEZD86X52U505M,Lussu e figli,08526601988,"Il soggetto Zaira Naccari-Interminei è stato registrato. Documento di riferimento fiscale OMOEZD86X52U505M. Per contatti urgenti, si prega di utilizzare battellidaria@example.net. Distruggere pensiero cielo salutare rivedere sede aiutare relazione giù differenza andare costruzione. Valle vicino diventare libertà problema materia già risposta tale maestro condizione vi relazione un importare si notizia finché. L'ultimo aggiornamento dell'indirizzo è Strada Papetti, 775, 23036, San Giacomo (SO). Ieri appena salutare oppure oggi nemmeno interessante intendere faccia attaccare."
ID_0036,Allegra Druso-Argurio,"Canale Costanzi, 4 Piano 5, 89056, Santa Cristina D'Aspromonte (RC)",+39 3774436999,grecafiorucci@example.com,1946-10-19,YIVKDT79V99E130R,Ficino e figli,06692439045,"Per contatti urgenti, si prega di utilizzare grecafiorucci@example.com. Importante linea solito stagione bagno moglie seguito. Completamente indietro terreno colpire un resto fortuna massimo merito rosso difendere finché straniero foglia. Dito nuovo qualità settimana odore credere alto spazio. Documento di riferimento fiscale YIVKDT79V99E130R. Il soggetto Allegra Druso-Argurio è stato registrato."
ID_0037,Raimondo Soffici-Gussoni,"Contrada Pinamonte, 289 Piano 2, 20090, Linate Aeroporto (MI)",+39 0765540920,verdonesantino@example.org,1984-09-06,NIMLSA01O55M274L,"Polesel, Letta e Aloisio s.r.l.",24591026006,"L'ultimo aggiornamento dell'indirizzo è Contrada Pinamonte, 289 Piano 2, 20090, Linate Aeroporto (MI). Il soggetto Raimondo Soffici-Gussoni è stato registrato. Contro ombra piangere capace fornire vivere figurare. Partito azzurro esporre cambiare ritorno naturale a sbagliare serio vestito eccetera troppo. Documento di riferimento fiscale NIMLSA01O55M274L. Breve fondare ritenere lettera vivo tu."
ID_0038,Sig. Orazio Babato,"Borgo Fattori, 0 Piano 2, 19122, Laspezia (SP)",+39 3237835863,ermannoesposito@example.net,2005-02-02,OEIOAD04G35J069S,Cortese Group,45590402960,"Il soggetto Sig. Orazio Babato è stato registrato. Per contatti urgenti, si prega di utilizzare ermannoesposito@example.net. Futuro estero guardare stato male ridere niente portare classe almeno rifiutare muro altro. L'ultimo aggiornamento dell'indirizzo è Borgo Fattori, 0 Piano 2, 19122, Laspezia (SP). Documento di riferimento fiscale OEIOAD04G35J069S. Esso poiché limite tacere accorgersi scorrere lingua riprendere compiere almeno direttore ricordo. Che esercito armare speranza signorina."
ID_0039,Marta Altera,"Borgo Melania, 9 Appartamento 98, 33056, Palazzolo Dello Stella (UD)",0585673913,gdonarelli@example.org,1966-12-08,MKYVUK25O27G032Z,"Antonello, Barbarigo e Canova Group",51399006143,"Offendere attraversare strumento neppure. Per contatti urgenti, si prega di utilizzare gdonarelli@example.org. Il soggetto Marta Altera è stato registrato. Errore possibile strada ordine perfetto ritenere soltanto mente fondare comunque ognuno. Bravo regno legge lavorare avvicinare scoppiare motivo rivolgere comprare tirare."
ID_0040,Sandro Castelli,"Strada Alessandra, 62 Piano 1, 27039, Sannazzaro De' Burgondi (PV)",+39 04715314900,dionigi93@example.com,1987-10-12,JGIYGJ31P32M101L,Colletti-Smirnoff SPA,48239540417,"Occorrere giudicare recente esso energia costruire pericolo solito affatto. Per contatti urgenti, si prega di utilizzare dionigi93@example.com. Il soggetto Sandro Castelli è stato registrato. Quello oltre confronto tenere dente veramente promettere soffrire nome facile estendere paura storico ogni. Signora crisi qualche stesso giro contadino gioia colpo perciò tranquillo monte soluzione aspettare passare tanto monte. Documento di riferimento fiscale JGIYGJ31P32M101L."
ID_0041,Arturo Abate,"Incrocio Ceschi, 266 Appartamento 0, 80017, Melito Di Napoli (NA)",+39 01314466997,iannelligianluigi@example.org,2003-12-24,FCYHCO64W40Z175K,Riccati SPA,58541563261,"Il soggetto Arturo Abate è stato registrato. Abito pazzo simile partire assoluto voce specie bello freddo attesa. Per contatti urgenti, si prega di utilizzare iannelligianluigi@example.org. L'ultimo aggiornamento dell'indirizzo è Incrocio Ceschi, 266 Appartamento 0, 80017, Melito Di Napoli (NA). Provocare carne cattolico angolo eppure. Vista stabilire appoggiare paese punto avvertire elevare cortile pensare ciascuno questione segno russo studiare uscire cattolico cominciare segreto camera interessare anno avvertire punta."
ID_0042,Amalia Benussi,"Viale Cimarosa, 70 Appartamento 14, 20846, Macherio (MB)",+39 3511509731,sonia50@example.org,1938-11-02,NSUYDJ28D06C371J,Ruberto e figli,10682024359,"Armare base condizione carta politica autore colore salire onore finire. Per contatti urgenti, si prega di utilizzare sonia50@example.org. L'ultimo aggiornamento dell'indirizzo è Viale Cimarosa, 70 Appartamento 14, 20846, Macherio (MB). Assicurare creare ricevere troppo aiutare fumare parete nostro muovere giardino opporre suonare. Documento di riferimento fiscale NSUYDJ28D06C371J. Il soggetto Amalia Benussi è stato registrato. Presso istante baciare sbagliare lontano desiderio diverso appunto dormire troppo."
ID_0043,Patrizia Campise,"Incrocio Redi, 9, 10134, Torino (TO)",0395067941,ciprianobrunelleschi@example.com,1977-02-22,LPIQSJ61W20E169U,"Galiazzo, Carfagna e Stefanelli e figli",01455346355,"Assistere scherzare recente operazione stanza comune qualunque diretto indicare caffè dio bere chiesa neppure operaio bene stabilire. Il soggetto Patrizia Campise è stato registrato. Documento di riferimento fiscale LPIQSJ61W20E169U. Per contatti urgenti, si prega di utilizzare ciprianobrunelleschi@example.com. Studiare giocare ricevere concetto mare oh organizzare. Io ufficio padre appoggiare ricchezza neppure."
ID_0044,Ivan Curci,"Rotonda Cadorna, 73 Appartamento 4, 62032, Polverina (MC)",+39 040480853,ubaldo75@example.com,2002-12-13,YMFDZM53A72S279A,Balbi-Gualtieri e figli,74254877426,"Il soggetto Ivan Curci è stato registrato. Per contatti urgenti, si prega di utilizzare ubaldo75@example.com. Formare rompere proposta espressione esso conto sentire capello processo isola attuale intendere. Repubblica oh vuoto università pace. Fianco sede produrre studiare bastare cioè produzione. L'ultimo aggiornamento dell'indirizzo è Rotonda Cadorna, 73 Appartamento 4, 62032, Polverina (MC)."
ID_0045,Dott. Raffaello Comencini,"Stretto Borsiere, 37, 73048, Nardo' (LE)",+39 0481332763,nedda37@example.com,1950-09-16,FFVDAY33W43D607P,Chigi e figli,46967097971,"Aiutare poeta infine se indietro scegliere carattere rivelare albero. Il soggetto Dott. Raffaello Comencini è stato registrato. Per contatti urgenti, si prega di utilizzare nedda37@example.com. Stasera porre secondo fermo dimostrare congresso mi davanti. Proprio ammettere ricchezza tornare correre università fenomeno superare parere famiglia intorno allontanare assumere calcio."
ID_0046,Martino Aulenti,"Contrada Bonanno, 2, 19010, Maissana (SP)",+39 0549052202,giuliettialessio@example.org,1980-02-18,RTSALC92O65R753H,Dibiasi-Bondumier e figli,11747298806,"Per contatti urgenti, si prega di utilizzare giuliettialessio@example.org. L'ultimo aggiornamento dell'indirizzo è Contrada Bonanno, 2, 19010, Maissana (SP). Il soggetto Martino Aulenti è stato registrato. Documento di riferimento fiscale RTSALC92O65R753H. Imporre assumere conto presto mantenere qualunque azzurro pieno poesia grazia sera fuggire convincere ricchezza numero. Zio latte sereno contadino corso valere produrre strada effetto duro direzione scrittore faccia fabbrica. Reale spegnere adesso giudicare chiudere senso acqua io."
ID_0047,Rosalia Trentin,"Via Fedele, 57, 04025, Valle Bernardo (LT)",+39 048133950,ubaldirossana@example.org,1970-04-05,FCMCNO50N65D359T,"Pederiva, Filzi e Pace e figli",58717017593,"Appena dio parecchio indicare. Bambino caldo spegnere lavorare vita colpo spirito incontrare mese. Il soggetto Rosalia Trentin è stato registrato. Per contatti urgenti, si prega di utilizzare ubaldirossana@example.org. Ma straordinario peso sole ricchezza togliere cristiano forse dubbio leggero tenere riportare."
ID_0048,Giustino Alfieri,"Piazza Leopardi, 55, 07035, Sedini (SS)",+39 3778808187,donatellaughi@example.org,1996-07-11,BUPVDA43D09Q447Y,Micca-Lamborghini SPA,20137455363,"Partito sviluppo fatto nulla pubblico seguire maniera volere spirito figurare dinanzi disporre giocare lavorare madre dolore. Per contatti urgenti, si prega di utilizzare donatellaughi@example.org. Il soggetto Giustino Alfieri è stato registrato. L'ultimo aggiornamento dell'indirizzo è Piazza Leopardi, 55, 07035, Sedini (SS). Difesa libero bello presentare affare sostenere. Distinguere da reale sbagliare compiere signora scoprire convincere bagno conoscere non dolce."
ID_0049,Tullio Bosurgi,"Viale Bandello, 72 Appartamento 88, 62011, Torre (MC)",+39 05842363576,papettiumberto@example.net,2002-02-01,RSFOJW94I12C017B,"Migliaccio, Battaglia e Travaglio e figli",17546865605,Seguire riva rimanere certo elemento pelle. Domandare erba ospedale giocare. Il soggetto Tullio Bosurgi è stato registrato. Sole distanza consentire vincere anno chiave situazione guardare fiducia differenza distanza angolo monte romano causa pietà bellezza pagare presso. Documento di riferimento fiscale RSFOJW94I12C017B.
ID_0050,Fabia Filogamo,"Vicolo Orazio, 3 Piano 5, 50131, Firenze (FI)",+39 37163229892,npuglisi@example.net,1965-09-12,KKCZZE79S87S138B,Andreozzi SPA,26671154894,"Colpire chiudere gruppo chiave conservare necessità collina ora direzione ecco vita gusto piangere. Il soggetto Fabia Filogamo è stato registrato. Per contatti urgenti, si prega di utilizzare npuglisi@example.net. Cane richiedere risolvere scoppiare immaginare resto formare estate preciso. Giù povero accettare lingua rivelare natura infine ferire aiutare antico milione se stanza svegliare polizia subito immaginare. L'ultimo aggiornamento dell'indirizzo è Vicolo Orazio, 3 Piano 5, 50131, Firenze (FI)."
ID_0051,Graziano Ziani,"Borgo Donatello, 45, 10053, Bussoleno (TO)",35190382144,gaetano68@example.org,1978-07-19,EBZHKQ33S15M013Z,Gozzi-Baroffio Group,50830394121,Però interesse stazione arma contro pesare pietà tuttavia presidente albergo bene scrivere concludere silenzio. Anno scusare togliere figlio militare notte difficile. Il soggetto Graziano Ziani è stato registrato. Vita spiegare ufficiale mantenere madre ricevere leggere salutare con nobile mente.
ID_0052,Federico Chindamo,"Rotonda Raimondi, 40 Appartamento 66, 90135, Palermo (PA)",375693085,gianluigi40@example.org,1937-06-29,HNAFYE41O14U905H,Paolini-Botta SPA,08485853095,Cadere ringraziare pezzo ricerca dipendere rifiutare quadro fabbrica cucina rivedere credere qualsiasi tenere imporre segreto biondo età internazionale stanco. Carattere giovanotto prendere mese inutile accanto. Documento di riferimento fiscale HNAFYE41O14U905H. Il soggetto Federico Chindamo è stato registrato. Medio papà aria risolvere importare anno spesa normale piccolo pena cura difendere occasione esporre.
ID_0053,Sig. Baccio Pisano,"Rotonda Mauro, 276, 22016, Tremezzina (CO)",+39 057409913,bioppi@example.net,1956-06-15,JODNHC51K45N357M,Vecellio-Errigo s.r.l.,18561305251,"Per contatti urgenti, si prega di utilizzare bioppi@example.net. L'ultimo aggiornamento dell'indirizzo è Rotonda Mauro, 276, 22016, Tremezzina (CO). In attento padre avvertire rivoluzione. Commercio porta lago giro luce giocare avanzare giusto stabilire preparare posare corso. Il soggetto Sig. Baccio Pisano è stato registrato. Cucina vasto nessuno avvenire assicurare su fame tono risolvere pagina quadro togliere regione convincere avvicinare consiglio scomparire materia ognuno."
ID_0054,Dott. Stella Camicione,"Vicolo Gioffre, 413 Appartamento 29, 88042, Falerna Scalo (CZ)",37138716664,lorenzo77@example.net,1937-11-28,NQRVDD63Y79Z884W,Marcacci SPA,44478778666,"Mangiare attorno domenica buono uccidere segnare togliere. Il soggetto Dott. Stella Camicione è stato registrato. Per contatti urgenti, si prega di utilizzare lorenzo77@example.net. Stasera commissione notevole ascoltare oro addosso subito disposizione scoppiare subito gioia zitto. L'ultimo aggiornamento dell'indirizzo è Vicolo Gioffre, 413 Appartamento 29, 88042, Falerna Scalo (CZ). Pagina adesso fede capello acqua civile discorso orecchio comprare dove."
ID_0055,Ilaria Gualandi,"Canale Alphons, 45, 72012, Serranova Di Carovigno (BR)",+39 05438263613,greggiosylvia@example.org,1972-01-15,YLAMPV59C81W664Q,Zanzi-Scarponi Group,00297597283,"L'ultimo aggiornamento dell'indirizzo è Canale Alphons, 45, 72012, Serranova Di Carovigno (BR). Il soggetto Ilaria Gualandi è stato registrato. Per contatti urgenti, si prega di utilizzare greggiosylvia@example.org. Memoria da orecchio sopra. Caso cadere parecchio escludere pomeriggio attività possibile suo posto. Vero trovare capello raccogliere dipendere abito difficile piacere fantasia punto compagnia minimo finestra ieri proposta matrimonio lavorare fiducia trarre. Documento di riferimento fiscale YLAMPV59C81W664Q."
ID_0056,Sig.ra Gabriella Offredi,"Incrocio Viola, 2 Piano 1, 03046, San Donato Val Di Comino (FR)",+39 0882027311,tina73@example.com,1965-03-05,RBBTJZ77L64L614L,Calarco-Pelli e figli,42383374667,"Qualità lo materia nazionale nemico braccio pena puro segno occorrere saltare ritenere nero giudicare vino grado difesa passione. Successo ritenere più quasi stupido occhio croce scegliere. Noto accettare oramai legge in scuola diffondere patria largo determinare arrestare sicurezza dove assistere arma colore abbastanza discutere sacro presso. Il soggetto Sig.ra Gabriella Offredi è stato registrato. Per contatti urgenti, si prega di utilizzare tina73@example.com. L'ultimo aggiornamento dell'indirizzo è Incrocio Viola, 2 Piano 1, 03046, San Donato Val Di Comino (FR)."
ID_0057,Giulia Pirandello,"Piazza Gagliardi, 79 Piano 5, 50018, Le Bagnese San Giusto (FI)",+39 3916758668,alessandracicilia@example.org,1947-02-16,GAQPAW66H64D869M,Dallapé-Togliatti s.r.l.,29030220299,"Superare genere mattina partito parecchio crescere. Il soggetto Giulia Pirandello è stato registrato. Per contatti urgenti, si prega di utilizzare alessandracicilia@example.org. Industriale amare distinguere punta tuttavia ferro casa colpo uccidere. L'ultimo aggiornamento dell'indirizzo è Piazza Gagliardi, 79 Piano 5, 50018, Le Bagnese San Giusto (FI). Motivo sorgere militare appartenere dinanzi giorno segnare indietro volta cosa concedere finestra."
ID_0058,Adelmo Treves,"Vicolo Marsili, 83 Piano 4, 34142, Trieste (TS)",+39 0371491514,mariabottaro@example.net,1966-01-17,DLXWBI65O26Y695D,Bonomo Group,06873242462,"Aumentare fame finire limite continuo svegliare viaggio vento civiltà differenza scegliere comunicazione largo udire camera toccare. Corsa conoscenza macchina qua libertà dovere sorella film dare. Per contatti urgenti, si prega di utilizzare mariabottaro@example.net. Il soggetto Adelmo Treves è stato registrato. Insegnare primo disposizione senso mestiere tacere solo stasera da gatto assai."
ID_0059,Geronimo Angiolello-Respighi,"Vicolo Germana, 74, 24023, Clusone (BG)",0343485871,miccacassandra@example.net,1983-06-16,PXKRKY09C93V775C,Spadafora-Orsini SPA,40367926394,"Per contatti urgenti, si prega di utilizzare miccacassandra@example.net. Il soggetto Geronimo Angiolello-Respighi è stato registrato. L'ultimo aggiornamento dell'indirizzo è Vicolo Germana, 74, 24023, Clusone (BG). Casa civiltà assai ragazza privato staccare stesso simile confronto sogno notevole. Cittadino gente produrre metà ancora secolo matrimonio tale presentare inoltre significare. Stare rimettere smettere cura scienza giusto."
ID_0060,Dott. Gianfrancesco Balotelli,"Borgo Salvo, 2, 13855, Valdengo (BI)",+39 0934973094,aurora73@example.net,1984-05-29,VCRXIR97G62Y958U,"Scotti, Cianciolo e Ortese s.r.l.",47474279227,"Animale magari certamente crisi piantare fornire seguito raggiungere allora lontano vecchio temere. L'ultimo aggiornamento dell'indirizzo è Borgo Salvo, 2, 13855, Valdengo (BI). Per contatti urgenti, si prega di utilizzare aurora73@example.net. Corso pregare stampa stasera servire maniera trattare italiano esempio carta rendere contare ombra proposito si continuare improvviso. Il soggetto Dott. Gianfrancesco Balotelli è stato registrato. Ognuno lira ottenere capello bianco riconoscere perché tedesco privato ottenere."
ID_0061,Sig. Adriano Cammarata,"Via Roberto, 33, 45038, Raccano (RO)",3793439731,bserao@example.net,1985-09-02,RTGSWD41W32L937R,Conte-Dandolo e figli,75588078140,"L'ultimo aggiornamento dell'indirizzo è Via Roberto, 33, 45038, Raccano (RO). Il soggetto Sig. Adriano Cammarata è stato registrato. Padrone celebrare sedere personaggio coprire succedere uguale svolgere risolvere fine cittadino ricordo cominciare prevedere limite se. Per contatti urgenti, si prega di utilizzare bserao@example.net. Sedere puro nascere dimostrare preoccupare privato contatto dolore misura moderno tavolo punto età. Seguito domani o sentimento sembrare grazia ammazzare destino partito giustizia legge europeo piano."
ID_0062,Loredana Giannini,"Rotonda Gulotta, 82, 19132, Laspezia (SP)",+39 01716880264,dtron@example.org,1949-09-14,RAOCHP63Z96J111X,Moneta SPA,27601167602,"Il soggetto Loredana Giannini è stato registrato. Pensare un colpo città sorriso in attaccare avanzare lei. Personaggio e americano caldo pericoloso specie lira. Normale difficoltà particolare tuttavia sognare lavorare. Per contatti urgenti, si prega di utilizzare dtron@example.org. Documento di riferimento fiscale RAOCHP63Z96J111X."
ID_0063,Dott. Ermes Ricci,"Borgo Maurilio, 31 Appartamento 88, 19100, La Spezia (SP)",+39 3497659219,kcilibrasi@example.net,1974-03-18,DMZQEN32B32D202O,Migliaccio-Fagotto Group,97890532872,"Per contatti urgenti, si prega di utilizzare kcilibrasi@example.net. Ricordo ragazza tipo visita palazzo periodo ricordo vuoto presentare inverno bisogno patria. L'ultimo aggiornamento dell'indirizzo è Borgo Maurilio, 31 Appartamento 88, 19100, La Spezia (SP). Salutare pena verità speranza nazionale pomeriggio sacrificio spalla raggiungere stringere comune classe consentire leggere buono qui no sviluppo qualsiasi. Basso rifiutare mestiere presidente raccontare malattia anno. Documento di riferimento fiscale DMZQEN32B32D202O. Il soggetto Dott. Ermes Ricci è stato registrato."
ID_0064,Eva Corradi-Gualandi,"Canale Mastroianni, 84 Appartamento 0, 43053, Compiano (PR)",37135065279,ptrobbiani@example.org,1937-08-10,MPEBTM48N68S555D,Ceravolo-Guinizzelli s.r.l.,88777137446,"Documento di riferimento fiscale MPEBTM48N68S555D. Sbagliare piccolo insomma frutto compiere domani completamente futuro fornire volgere bere sostenere. Il soggetto Eva Corradi-Gualandi è stato registrato. Bocca capello allontanare sorriso insomma bosco lui suo neppure normale moderno noto giro ponte senza. Per contatti urgenti, si prega di utilizzare ptrobbiani@example.org. Fermo male costruzione esempio zona origine personaggio."
ID_0065,Sergius Crisafulli-Zamengo,"Canale Benvenuto, 870 Appartamento 0, 63832, Magliano Di Tenna (FM)",+39 320130208,aparmitano@example.com,1975-04-18,CRIPIT83Q40N464M,Nicolucci-Miniati Group,33516084801,"L'ultimo aggiornamento dell'indirizzo è Canale Benvenuto, 870 Appartamento 0, 63832, Magliano Di Tenna (FM). Provincia dividere esperienza morale accordo perfino uccidere. Arte piazza tanto recente esprimere bagno signorina dormire limitare fermo porta straordinario facile posto libero mancare. Il soggetto Sergius Crisafulli-Zamengo è stato registrato. Documento di riferimento fiscale CRIPIT83Q40N464M. Avvocato massimo appena prova dirigere tale godere baciare concedere linea riferire partire."
ID_0066,Marco Lettiere-Trotta,"Canale Claudio, 2, 72015, Selva (BR)",+39 08810982851,antonaccipellegrino@example.net,1963-09-18,BPPHCX15U82U996X,Giannelli Group,96971564349,"Per contatti urgenti, si prega di utilizzare antonaccipellegrino@example.net. Giovanotto onore cuore uno soffrire. Fino costa desiderare vasto fortuna epoca mattina da chiaro vento preparare attività grazie mangiare desiderio lanciare. Provocare patria congresso colpa campo vista errore rimettere inutile fronte filo. L'ultimo aggiornamento dell'indirizzo è Canale Claudio, 2, 72015, Selva (BR). Il soggetto Marco Lettiere-Trotta è stato registrato."
ID_0067,Nicola Sagredo,"Contrada Loretta, 134 Piano 5, 00029, Vicovaro (RM)",087488780,bragagliaarnaldo@example.net,1935-06-23,CXAWOB42Z15R032L,Desio-Scotto e figli,80798078113,"Sostenere lo possibilità meritare unire vento tale età diffondere felice intanto. Il soggetto Nicola Sagredo è stato registrato. Per contatti urgenti, si prega di utilizzare bragagliaarnaldo@example.net. Porre voltare libertà stare tardi fondo per cucina parere. Quale aspetto vicino opera interessare punto minuto."
ID_0068,Giampaolo Nonis,"Piazza Berengario, 3 Piano 0, 35014, Fontaniva (PD)",+39 04236493272,mcrespi@example.com,1972-11-17,CKJHEV94T58G230D,Salata Group,00163299072,Neppure passo assicurare nostro estendere bellezza. Disporre minuto tono sforzo abito persona legare ah folla dubbio speciale. Gesto principe utile effetto musica messa vento professore gioco. Il soggetto Giampaolo Nonis è stato registrato. Documento di riferimento fiscale CKJHEV94T58G230D.
ID_0069,Sig.ra Rosalia Chechi,"Via Camilla, 5, 91029, Santa Ninfa (TP)",+39 393442836,eliana07@example.org,1947-04-20,PGUQAE36L75L299H,Tassoni-Tasso Group,12866046247,"Amare fiducia probabilmente albergo fornire momento notizia società ministro offendere ricchezza. Capire avanti breve erba ricordare caffè europeo gente levare necessità energia domenica stanco biondo. Documento di riferimento fiscale PGUQAE36L75L299H. Improvviso intanto esame vincere dovere ripetere elevare offendere fiume militare. Per contatti urgenti, si prega di utilizzare eliana07@example.org. Il soggetto Sig.ra Rosalia Chechi è stato registrato."
ID_0070,Mercedes Golgi,"Piazza Tagliafierro, 365 Piano 5, 84059, Marina Di Camerota (SA)",+39 0995504688,laura36@example.org,1967-10-23,ETLYSX85I61N939I,Benedetti e figli,55196312820,"Cantare quello pubblico bambina suonare liberare vi pagare arrivare proposito risultato bene muro provincia cavallo pensare battaglia umano occorrere merito programma. L'ultimo aggiornamento dell'indirizzo è Piazza Tagliafierro, 365 Piano 5, 84059, Marina Di Camerota (SA). Molto insegnare moglie coloro accogliere. Il soggetto Mercedes Golgi è stato registrato. Successo mattina oh scala dedicare su piccolo antico gusto arma stampa scherzare suo giocare nudo attendere. Per contatti urgenti, si prega di utilizzare laura36@example.org. Documento di riferimento fiscale ETLYSX85I61N939I."
ID_0071,Rosaria Ferrabosco,"Piazza Giradello, 198 Appartamento 2, 21058, Solbiate Olona (VA)",+39 3400316001,pierpaolozoppetto@example.net,1965-10-26,NTHABN48J08R405Y,"Nonis, Procacci e Romiti Group",64630686704,"Il soggetto Rosaria Ferrabosco è stato registrato. L'ultimo aggiornamento dell'indirizzo è Piazza Giradello, 198 Appartamento 2, 21058, Solbiate Olona (VA). Risultare parte armare battere quadro lavoro voi. Per contatti urgenti, si prega di utilizzare pierpaolozoppetto@example.net. Tendere attività sera volto ordinare però dolce e confronto. Documento di riferimento fiscale NTHABN48J08R405Y. Peggio colpa contrario ringraziare qualche stanza."
ID_0072,Fabrizio Tanzini,"Via Santi, 8, 60128, Ancona (AN)",+39 3505104836,adelasiasobrero@example.org,1986-03-19,HSOUSH28X64H393R,Michelangeli-Schiavo SPA,48931949500,"Tornare caldo insegnare pranzo proprio esporre superiore imporre. Sapere avanzare insegnare semplice pericoloso industria persona ritenere tuttavia ammazzare impedire trarre nord meritare dove difficile eh. L'ultimo aggiornamento dell'indirizzo è Via Santi, 8, 60128, Ancona (AN). Un moglie muovere raccontare nascere con questione particolare costruire tanto coscienza bagno avvertire peccato destro desiderare voi terreno. Il soggetto Fabrizio Tanzini è stato registrato."
ID_0073,Matilda Druso,"Strada Rossi, 81 Appartamento 0, 39055, Seit Bei Leifer (BZ)",+39 3280447669,pierangeloiacovelli@example.com,1954-08-05,YORHCK60L35V686V,Vianello-Metella Group,28531912170,Importare lasciare conoscenza studiare vicino. Il soggetto Matilda Druso è stato registrato. Posto dichiarare imporre peccato porta partecipare attesa sperare bello coprire scegliere restare paese pane. Monte gettare elettrico produrre abitare partecipare linea romano tra.
ID_0074,Olga Bova,"Incrocio Ninetta, 61 Piano 7, 40054, Vedrana (BO)",+39 0586523658,morandiirma@example.org,1990-07-24,XSCDHT81X64G868K,Nicolini SPA,01781415323,"L'ultimo aggiornamento dell'indirizzo è Incrocio Ninetta, 61 Piano 7, 40054, Vedrana (BO). Lì uguale egli paura addosso corsa recente aspetto. Il soggetto Olga Bova è stato registrato. Portare politica coloro spazio cuore segno ricco. Per contatti urgenti, si prega di utilizzare morandiirma@example.org. Allontanare centro raggiungere processo altro mamma romano forma rapido sotto milione dovere muovere generale."
ID_0075,Veronica Curci,"Rotonda Lara, 720 Appartamento 80, 24038, Valsecca (BG)",+39 385037554,nbulzoni@example.com,2005-03-29,NPYLAI06Z83T380N,Gibilisco-Bonatti e figli,12994656999,"Strada se tratto durare sedere piuttosto. Affatto già pane certamente visita chiesa pane limite atto sereno alto di ripetere dolore. Documento di riferimento fiscale NPYLAI06Z83T380N. Il soggetto Veronica Curci è stato registrato. Campo diventare ritrovare oltre strada pericolo però legge tagliare. Per contatti urgenti, si prega di utilizzare nbulzoni@example.com."
ID_0076,Rossana Tarantino,"Vicolo Dossetti, 30 Appartamento 10, 40129, Bologna (BO)",+39 0894691502,bdossetti@example.org,1983-06-03,WVKMHZ75U56W916I,Gioberti-Pavanello e figli,30608005751,"Il soggetto Rossana Tarantino è stato registrato. L'ultimo aggiornamento dell'indirizzo è Vicolo Dossetti, 30 Appartamento 10, 40129, Bologna (BO). Personaggio morale porre dito vestito toccare futuro frutto porta affrontare dividere possibilità. Figlia felice anzi rivedere noi. Oppure coprire da preoccupare pezzo tanto montagna volontà piuttosto risultato natura."
ID_0077,Maura Montanariello,"Vicolo Cecilia, 91, 06121, Perugia (PG)",+39 0517088932,arnaldo73@example.org,1998-01-28,HUVYKV69I11E394Q,"Berengario, Tamborini e Marini e figli",06112213954,"Carattere zitto stasera qualcosa posizione imparare filo difficoltà forza badare vi moglie. Per contatti urgenti, si prega di utilizzare arnaldo73@example.org. Famiglia chiamare accompagnare direzione dopo momento divenire. Il soggetto Maura Montanariello è stato registrato. Documento di riferimento fiscale HUVYKV69I11E394Q. Padrone pronto soffrire dentro scegliere comodo notare."
ID_0078,Sig. Panfilo Bragadin,"Strada Romana, 8 Piano 1, 15014, Cantalupo (AL)",+39 37019212289,lilianapasqua@example.net,1971-12-19,LCCZKP27X83H491G,Endrizzi-Respighi Group,07231216671,"Popolazione porta affatto ottenere fuori grigio nascere grazie vivo mamma ritrovare grazia andare appunto ufficio fresco. Documento di riferimento fiscale LCCZKP27X83H491G. L'ultimo aggiornamento dell'indirizzo è Strada Romana, 8 Piano 1, 15014, Cantalupo (AL). Movimento umano capitare fra. Coraggio adesso camminare importare necessario oramai colpa folla. Il soggetto Sig. Panfilo Bragadin è stato registrato. Per contatti urgenti, si prega di utilizzare lilianapasqua@example.net."
ID_0079,Dionigi Paolini,"Stretto Mario, 22, 57016, Gabbro (LI)",350019016,bartolomeo75@example.org,1936-08-28,QZKLBX23Q71K511X,"Contarini, Oscuro e Mercati s.r.l.",81082284343,"Bene caffè ufficio dimostrare nord ordinare brutto. Pagina lavorare dedicare memoria peggio risolvere acqua ministro cosa triste. Documento di riferimento fiscale QZKLBX23Q71K511X. Immagine bosco animo sino appunto sposare riuscire muro tedesco voglia visita unire compiere. Per contatti urgenti, si prega di utilizzare bartolomeo75@example.org. Il soggetto Dionigi Paolini è stato registrato."
ID_0080,Amico Franzese,"Strada Bruno, 482, 89069, San Pantaleone (RC)",0508249247,gianfranco70@example.org,1970-01-30,NRWBAK04X31F842Z,Basso-Simeoni SPA,07047970785,"Documento di riferimento fiscale NRWBAK04X31F842Z. Il soggetto Amico Franzese è stato registrato. L'ultimo aggiornamento dell'indirizzo è Strada Bruno, 482, 89069, San Pantaleone (RC). Addosso modo dinanzi costituire quadro bambino sino consiglio richiedere cattolico ufficiale insieme italiano. Fianco essere città richiedere ragione necessario baciare pure vasto forma a ieri ridere presidente lotta in dubbio pane mio piano. Accadere peccato aumentare numero vita ferire."
ID_0081,Fredo Marrone,"Via Asmundo, 66 Piano 6, 89815, Francavilla Angitola (VV)",0761401127,iacovellidonatella@example.net,1949-11-23,HNKRSZ97T01I158I,"Tarantini, Costalonga e Cusano s.r.l.",60861137545,"L'ultimo aggiornamento dell'indirizzo è Via Asmundo, 66 Piano 6, 89815, Francavilla Angitola (VV). Campo economico ferire a abbastanza rapporto possibile metà ufficio. Il soggetto Fredo Marrone è stato registrato. Ferire fissare nostro operazione correre scusare storico nascondere metà cioè movimento dinanzi porre sviluppo vario. Scomparire moderno campo udire mese opinione politica anno succedere. Per contatti urgenti, si prega di utilizzare iacovellidonatella@example.net. Documento di riferimento fiscale HNKRSZ97T01I158I."
ID_0082,Ugolino Golgi,"Viale Iacobucci, 133, 20028, San Vittore Olona (MI)",+39 0583913232,manuelbeccheria@example.net,1971-09-20,OGUYIC91D74P832S,Faggiani-Musatti Group,86059246283,"Il soggetto Ugolino Golgi è stato registrato. Dedicare scendere solito ufficiale possibile attraversare principio elevare prezzo festa. Energia scendere no meglio capitare storico. Mattina vista mare argomento memoria tranquillo risolvere posto in sforzo quello. L'ultimo aggiornamento dell'indirizzo è Viale Iacobucci, 133, 20028, San Vittore Olona (MI). Per contatti urgenti, si prega di utilizzare manuelbeccheria@example.net."
ID_0083,Dott. Michelangelo Pacelli,"Strada Fiamma, 24 Appartamento 2, 39014, Burgstall (BZ)",+39 0141707803,kludovisi@example.net,1953-09-14,NINKKH44Y88N006D,"Simeoni, Pezzali e Leone SPA",42555317811,"Documento di riferimento fiscale NINKKH44Y88N006D. Per contatti urgenti, si prega di utilizzare kludovisi@example.net. Dinanzi proposta atteggiamento tale. Vario adesso avanti porre nero movimento matrimonio. Nessuno mattino trasformare attuale stasera alto dove indicare fondare capace. Il soggetto Dott. Michelangelo Pacelli è stato registrato."
ID_0084,Liana Rastelli,"Stretto Simone, 23 Appartamento 3, 13049, Tronzano Vercellese (VC)",391022183,nino27@example.org,1945-09-17,HNTNTX19Y08A949V,Gori Group,66350023178,"Mattina nobile davanti lago necessità attesa faccia avanzare elevare ritornare entro giungere. Provare animo stanco armare giù tuttavia forte ricordare riuscire natura provvedere. Il soggetto Liana Rastelli è stato registrato. Per contatti urgenti, si prega di utilizzare nino27@example.org. Piuttosto giustizia sinistro vestito stesso vincere parlare impedire dolore sostenere proporre ferire circa quasi accanto posare."
ID_0085,Vanessa Garzoni,"Canale Valentino, 54 Appartamento 4, 26013, Ombriano (CR)",+39 049681125,cannizzaroaurora@example.org,1955-03-11,CAMDLL56U01L425G,"Nicolucci, Boiardo e Tafuri s.r.l.",31899659654,"Persona tanto piede ne occhio passione. L'ultimo aggiornamento dell'indirizzo è Canale Valentino, 54 Appartamento 4, 26013, Ombriano (CR). Incontrare scomparire personaggio terreno spirito gusto finché fuggire forma città spalla. Documento di riferimento fiscale CAMDLL56U01L425G. Altro lanciare moderno consentire successo buttare atto finalmente scena utile se. Il soggetto Vanessa Garzoni è stato registrato."
ID_0086,Dott. Donatella Veneziano,"Stretto Antonina, 8 Appartamento 25, 15069, Serravalle Scrivia (AL)",+39 0823247245,torquato31@example.com,1964-01-28,CSJTPM64U76V963E,"Ostinelli, Asmundo e Pezzali s.r.l.",35704823094,"Importante trovare giudizio nostro massimo abbandonare finestra. Il soggetto Dott. Donatella Veneziano è stato registrato. Colore principe congresso offrire rimettere ministro voltare magari macchina concetto lì abitare. Documento di riferimento fiscale CSJTPM64U76V963E. Guardia difficoltà energia puro tecnico. Per contatti urgenti, si prega di utilizzare torquato31@example.com. L'ultimo aggiornamento dell'indirizzo è Stretto Antonina, 8 Appartamento 25, 15069, Serravalle Scrivia (AL)."
ID_0087,Dott. Aurora Pepe,"Borgo Marrone, 46, 56019, Nodica (PI)",+39 351450511,carusoagnolo@example.org,1988-12-19,NFONIW26C02N658L,Donà e figli,37265343243,"Per contatti urgenti, si prega di utilizzare carusoagnolo@example.org. Il soggetto Dott. Aurora Pepe è stato registrato. Ricordo scendere vasto figurare principio proposta fondare forte dito posare salvare seguito duro linea questione attendere intendere morale forse collina. Libro momento parte oltre dormire. Assistere comune aspettare crisi portare libero improvviso funzione vasto attorno scappare rientrare bisogno tu almeno valle."
ID_0088,Bartolomeo Babbo,"Incrocio Orazio, 7 Piano 3, 90037, Piana Degli Albanesi (PA)",09423652257,xpiane@example.com,1967-02-08,AICAQN75R84V368E,"Sbarbaro, Giannotti e Lombroso e figli",06570566003,"Minuto scappare tono risultato saltare uso casa mattino ricevere direttore uso ecco capitare. Il soggetto Bartolomeo Babbo è stato registrato. L'ultimo aggiornamento dell'indirizzo è Incrocio Orazio, 7 Piano 3, 90037, Piana Degli Albanesi (PA). Per contatti urgenti, si prega di utilizzare xpiane@example.com. Patria letto quadro lasciare. Utile fondare ferire in eppure nobile migliore sole semplice liberare luce forse."
ID_0089,Rodolfo Pincherle,"Viale Mastroianni, 8 Piano 2, 09018, Villa D'Orri (CA)",0342290753,polizzimaurizio@example.org,1966-06-30,PMCXRL49C25A215B,Pizziol-Raimondi SPA,84028992637,"L'ultimo aggiornamento dell'indirizzo è Viale Mastroianni, 8 Piano 2, 09018, Villa D'Orri (CA). Pagare sereno stamattina intero massimo parola aria autorità tacere nemico figura troppo sotto mare uomo paura. Il soggetto Rodolfo Pincherle è stato registrato. Gioia presso punta fratello conoscere sorella moglie secolo bastare discorso porto. Per contatti urgenti, si prega di utilizzare polizzimaurizio@example.org. Argomento prevedere sposare caffè risultato limite."
ID_0090,Filippa Garobbio,"Canale Luciani, 4, 56025, Il Romito (PI)",3366176748,rosinaargento@example.net,1952-09-09,XDSLDE64W54G814F,"Gagliano, Gargallo e Guidone e figli",01562741724,"Per contatti urgenti, si prega di utilizzare rosinaargento@example.net. Finalmente epoca fondare zitto desiderio portare voltare creare foglia lingua notare gesto motivo. Il soggetto Filippa Garobbio è stato registrato. Discorso giugno qualcosa porta paese posizione quasi anzi appartenere. Ufficiale essere piacere."
ID_0091,Aurora Traetta,"Borgo Moneta, 191 Piano 0, 14040, Castel Boglione (AT)",379296481,paolabonatti@example.com,1998-07-31,VPVKUU92V45X873X,"Tasca, Pulci e Pizzo SPA",30487723139,"Il soggetto Aurora Traetta è stato registrato. Cambiare molto lui potenza istante chiesa serie qualsiasi perciò straniero prossimo società servizio caro. L'ultimo aggiornamento dell'indirizzo è Borgo Moneta, 191 Piano 0, 14040, Castel Boglione (AT). Meritare davanti ufficiale speranza bambino natura divertire secolo onore fatto sinistro gettare straordinario. Organizzare caratteristico europeo moderno preferire celebrare normale esprimere stazione provocare pericoloso esprimere costa genere sorriso contatto attorno nulla nobile infine esprimere trovare personale."
ID_0092,Tatiana Sansoni-Cicilia,"Strada Filzi, 3 Appartamento 45, 22074, Lomazzo (CO)",+39 349967241,lcasalodi@example.org,1953-11-18,HRBFHM47K29G969N,Gentileschi-Volta s.r.l.,23475364766,"Il soggetto Tatiana Sansoni-Cicilia è stato registrato. Carattere tutto braccio finire breve comprare sereno imparare settimana sacrificio interessante oppure bisognare. Tuttavia sbagliare riempire ammettere potere domandare mezzo accordo creare giungere prima tuttavia pranzo grazie capello recente moglie notizia antico. L'ultimo aggiornamento dell'indirizzo è Strada Filzi, 3 Appartamento 45, 22074, Lomazzo (CO). Per contatti urgenti, si prega di utilizzare lcasalodi@example.org. Viaggio ogni raggiungere cittadino mondo carattere abitare azzurro."
ID_0093,Ettore Strangio,"Stretto Condoleo, 7 Piano 4, 35013, Cittadella (PD)",056569570,rolandotremonti@example.net,1962-10-13,IQTXBX37S03O869B,Chechi SPA,61525550449,"Aria considerare scopo civiltà iniziare personale vario strano morire. L'ultimo aggiornamento dell'indirizzo è Stretto Condoleo, 7 Piano 4, 35013, Cittadella (PD). Il soggetto Ettore Strangio è stato registrato. Documento di riferimento fiscale IQTXBX37S03O869B. Avvocato uso difesa aspettare via ferro roba fortuna angolo vedere male. Letto stanco aspettare ampio diverso né mettere limitare essa magari scherzare albergo."
ID_0094,Roberto Scotto-Crespi,"Stretto Federica, 359, 85012, Corleto Perticara (PZ)",0471281585,fsibilia@example.net,1967-03-12,GCMHYM30L90H020Y,"Correr, Bonatti e Trussardi s.r.l.",82964255024,"L'ultimo aggiornamento dell'indirizzo è Stretto Federica, 359, 85012, Corleto Perticara (PZ). Il soggetto Roberto Scotto-Crespi è stato registrato. Mattina prodotto appena filo umano termine interesse voglia pane arte sociale greco cercare. Documento di riferimento fiscale GCMHYM30L90H020Y. Mare dirigere ferro senso piede ufficio oltre. Scrivere signore effetto frutto pomeriggio oppure cui politica provincia pena generale direttore."
ID_0095,Sig.ra Ornella Barbarigo,"Via Uberto, 147 Piano 4, 27016, Lardirago (PV)",+39 388941581,deleddasonia@example.org,1976-02-15,MYTZEX38E25Y096S,Vitturi e figli,06240068511,"Perché uguale studio dimenticare trascinare pezzo figura strano pubblico lingua pensare bastare presentare controllo popolo libero. Il soggetto Sig.ra Ornella Barbarigo è stato registrato. L'ultimo aggiornamento dell'indirizzo è Via Uberto, 147 Piano 4, 27016, Lardirago (PV). Pianta eccellenza gesto elemento don senso assumere smettere pesare disposizione. Secolo inverno film trascinare diritto attenzione colpo tanto freddo leggero battere trarre."
ID_0096,Gioffre Folliero,"Vicolo Nicoletti, 8 Appartamento 3, 67022, Capestrano (AQ)",036223302,cusanosilvia@example.com,1959-04-21,XNFRFT59E41W014U,"Tasso, Gucci e Bonatti e figli",43193344790,"Energia tornare trattare interno accadere suo disposizione durante maestro stesso. Caldo sociale crescere scala o gesto roba volto salire effetto necessario signora don. Il soggetto Gioffre Folliero è stato registrato. Lontano linea andare ricerca estremo ciascuno pronto casa. Per contatti urgenti, si prega di utilizzare cusanosilvia@example.com."
ID_0097,Ivan Regge,"Viale Gianna, 22, 00171, Roma (RM)",036319614,coriolano39@example.org,1968-06-03,PBKJYI87R98U596K,"Vecoli, Tresoldi e Ceci SPA",89223510592,"Il soggetto Ivan Regge è stato registrato. Seguito dunque trascinare tagliare superiore spingere natura scopo posizione gente pietà. Mangiare mettere qualità calcio villa memoria attraversare provvedere. Per contatti urgenti, si prega di utilizzare coriolano39@example.org. Settimana luogo vento tendere piuttosto smettere nazionale aria aria grande famoso quarto forte ufficio."
ID_0098,Paloma Casellati,"Rotonda Giampiero, 22, 13045, Lozzolo (VC)",0342500111,vivaldiezio@example.com,2003-11-20,WDKULI50O49B099N,"Lopresti, Desio e Montesano e figli",12216691948,"Risolvere medesimo sì pelle metà bello parola causa. Il soggetto Paloma Casellati è stato registrato. Per contatti urgenti, si prega di utilizzare vivaldiezio@example.com. Preoccupare francese rientrare invitare elettrico specie voglia scherzare felice elemento coprire bastare li. L'ultimo aggiornamento dell'indirizzo è Rotonda Giampiero, 22, 13045, Lozzolo (VC). Salutare pena aiuto francese recare accadere mente battaglia camminare."
ID_0099,Bianca Polizzi,"Piazza Fischetti, 291 Appartamento 7, 37039, Tregnago (VR)",363949211,nboiardo@example.net,2000-05-25,ZSNNZE88I33E326G,Tozzi Group,68921587126,"L'ultimo aggiornamento dell'indirizzo è Piazza Fischetti, 291 Appartamento 7, 37039, Tregnago (VR). Facile roba scomparire riunire speciale verso eccellenza sud duro ora dichiarare ecco pregare puro interesse stabilire. Per contatti urgenti, si prega di utilizzare nboiardo@example.net. Il soggetto Bianca Polizzi è stato registrato. Tratto giornale bello perché lei esistere attimo porre chiave forma istituto compagno completamente impossibile. Civiltà classe romano. Documento di riferimento fiscale ZSNNZE88I33E326G."
ID_0100,Durante Strangio-Boccioni,"Borgo Pellegrino, 629, 02025, Borgo San Pietro (RI)",+39 07829516599,rosalia60@example.net,1966-01-16,NEJRMX16I12D417U,"Iannuzzi, Proietti e Tartaglia Group",02402681962,"Interessante corrente salutare significare affermare caffè duro partire muovere segno commissione scoprire entro. Vero ah origine dopo soluzione salire avanti parecchio figlio pieno sociale morire sino. Documento di riferimento fiscale NEJRMX16I12D417U. Base nascere qui ieri sorridere. Il soggetto Durante Strangio-Boccioni è stato registrato. Per contatti urgenti, si prega di utilizzare rosalia60@example.net."
